physical_line,n_tpp_projects,earliest_isd_active,latest_isd_active,oldest_plan_year,max_slip_years,projects_summary
ITC:ABO S_COMP_WESP1,0,,,,,
ITC:AEOLUS_EXP,0,,,,,
ITC:AMPS 230,0,,,,,
ITC:AMR-SND 138,0,,,,,
ITC:ATSO 345kV,0,,,,,
ITC:ATW_STJ 1,0,,,,,
ITC:ATW_VEL 1,0,,,,,
ITC:AZPS_NET_ITC,0,,,,,
ITC:Arroyo_Slr Xmfr,0,,,,,
ITC:BKFT-GSHN1_A,0,,,,,
ITC:BLYTHE_ITC,0,,,,,
ITC:BNK-1AAL,0,,,,,
ITC:BOBN-MPSN2_A,0,,,,,
ITC:BOMT-HMWY1_A,0,,,,,
ITC:BPAT_NET_ITC,0,,,,,
ITC:CAL-DRM_2 120,0,,,,,
ITC:CAL-WSS__106,0,,,,,
ITC:CAMPWILL_MERCER_345_2,0,,,,,
ITC:CASPER_SPENCE_230,0,,,,,
ITC:CC XFMR8 A  69KV,0,,,,,
ITC:CCWF T2,0,,,,,
ITC:CFE_ITC,0,,,,,
ITC:CISO_NET_ITC,0,,,,,
ITC:CLOVER_MONA_345_1,0,,,,,
ITC:CLOVER_MONA_345_2,0,,,,,
ITC:COTPISO_ITC,0,,,,,
ITC:CTW_SHA1,0,,,,,
ITC:CZ 345kV,0,,,,,
ITC:EAST_WYO_EXP,0,,,,,
ITC:ELC-NW,0,,,,,
ITC:ELDORADO_ITC,0,,,,,
ITC:EPE_NET_ITC,0,,,,,
ITC:EPE_SNMIC_ITC,0,,,,,
ITC:FOOTECRE_STANDPIP_230,0,,,,,
ITC:FRCE-PINT1,0,,,,,
ITC:GON 345TXF#4,0,,,,,
ITC:GON-IPP 230,0,,,,,
ITC:GRACE_THREEMLE_138,0,,,,,
ITC:GYTH _Gallup_Enr,0,,,,,
ITC:HA-RE_345KV,0,,,,,
ITC:HIMO-WESP1,0,,,,,
ITC:HURRICAW_WALAWALA_230,0,,,,,
ITC:HWD_FAR A REA,0,,,,,
ITC:HWD_FAR B REA,0,,,,,
ITC:INTNEL,0,,,,,
ITC:IPCO_BORAHWEST_ITC,0,,,,,
ITC:IPCO_ID-NW_ITC,0,,,,,
ITC:IPCO_LAGRANDE_ITC,0,,,,,
ITC:IPCO_NET_ITC,0,,,,,
ITC:IPPDCADLN_ITC,0,,,,,
ITC:IPPUTAH_ITC,0,,,,,
ITC:LADWP_NET_ITC,0,,,,,
ITC:LCS_DON_115,0,,,,,
ITC:LDWP_ VICLA,0,,,,,
ITC:LDWP_CRYSTAL500,0,,,,,
ITC:LDWP_IPPDC-NS,0,,,,,
ITC:LDWP_IPP_NORTH,0,,,,,
ITC:LDWP_MCCULLOUG500,0,,,,,
ITC:LSS XFMR10 A 230KV,0,,,,,
ITC:Line_AR-ARFHT_69KV,0,,,,,
ITC:Line_CC-GT_230KV,0,,,,,
ITC:Line_DSN-FH_69KV,0,,,,,
ITC:Line_FC-CH1_345KV,1,2028.0,2028.0,2028.0,0.0,"""Devers-Valley 500 kV 1 Line Upgrade"" (plan 2022-2023, orig ISD '28 → now '28, Engineering)"
ITC:Line_FC-CH2_345KV,1,2028.0,2028.0,2028.0,0.0,"""Devers-Valley 500 kV 1 Line Upgrade"" (plan 2022-2023, orig ISD '28 → now '28, Engineering)"
ITC:Line_FC-MK_500KV,0,,,,,
ITC:Line_GIX-ARFH_69KV,0,,,,,
ITC:Line_IV-TH_69KV,0,,,,,
ITC:Line_MA-OD_69KV,0,,,,,
ITC:Line_MA-SLL_69KV,0,,,,,
ITC:Line_NG-YMT_69KV,0,,,,,
ITC:Line_OC-LSS_230KV,0,,,,,
ITC:Line_OD-AR_69KV,0,,,,,
ITC:Line_PR-CVN_345KV,0,,,,,
ITC:Line_QU-YMT_69KV,0,,,,,
ITC:Line_SG1-ED5_115KV,0,,,,,
ITC:LoneMesa345_34X1,0,,,,,
ITC:Lordburg 115_69,0,,,,,
ITC:MALIN500_ISL,0,,,,,
ITC:MCL_PE_SHW_V682,0,,,,,
ITC:ME-USAF 138,0,,,,,
ITC:MERCHANT_ITC,0,,,,,
ITC:MPSN T341,0,,,,,
ITC:MPSN T342,0,,,,,
ITC:MRHL_SHWD_V1607,0,,,,,
ITC:MRHL_STMW_V11712,0,,,,,
ITC:Midpoint_West,0,,,,,
ITC:NEVP_NET_ITC,0,,,,,
ITC:NG XFMR4 A  69KV,0,,,,,
ITC:NOB_ITC,0,,,,,
ITC:NOPE,0,,,,,
ITC:NORTHGILA500_ITC,0,,,,,
ITC:NTR-CAL__101,0,,,,,
ITC:NTR-DRM_1 120,0,,,,,
ITC:NVR-PTP__141,0,,,,,
ITC:NW-USAF 138,0,,,,,
ITC:NWMT_AMPS_EAST,0,,,,,
ITC:NWMT_NET_ITC,0,,,,,
ITC:PACE_FOURCORNE345_ITC,0,,,,,
ITC:PACE_NET_ITC,0,,,,,
ITC:PACE_PATHC_ITC,0,,,,,
ITC:PACE_POPWEST_ITC,0,,,,,
ITC:PACW_BPAT.PACW_ITC,0,,,,,
ITC:PALOVRDE_ITC,0,,,,,
ITC:PARKER_ITC,0,,,,,
ITC:PATH47,0,,,,,
ITC:PATH48,0,,,,,
ITC:PGE_NET_ITC,0,,,,,
ITC:PINALCENT500_ITC,0,,,,,
ITC:PNM_NET_ITC,0,,,,,
ITC:PNM_SRP_ITC,0,,,,,
ITC:RIN_AWY 1,0,,,,,
ITC:RIPU-TAGS1 115kv,0,,,,,
ITC:RP _Prager_Monta,0,,,,,
ITC:RUD T230H5001A,0,,,,,
ITC:Reeves XfmUnit1,0,,,,,
ITC:Reeves XfmUnit2,0,,,,,
ITC:SLS_Rv_Sp,0,,,,,
ITC:SRP_MARKETPLACE_ITC,0,,,,,
ITC:SRP_NET_ITC,0,,,,,
ITC:SRP_SYSTEM_ITC,0,,,,,
ITC:STB_STE2,0,,,,,
ITC:STM-MTR__125,0,,,,,
ITC:SUMMIT_ITC,0,,,,,
ITC:SUNZIA_ITC,0,,,,,
ITC:TAG_Xfms 115_13_8,0,,,,,
ITC:TAR BK E,0,,,,,
ITC:TCWF T1,0,,,,,
ITC:TEPC_BA_EXP_ITC,0,,,,,
ITC:TEPC_BA_IMP_ITC,0,,,,,
ITC:TEPC_SJ_SPV_ITC,0,,,,,
ITC:TEPC_SPV_VAIL_ITC,0,,,,,
ITC:TID_NETINT_ITC,0,,,,,
ITC:TOTAL_WYOMING_EXPORT,0,,,,,
ITC:Txfmrh1  230.KES,0,,,,,
ITC:VAL_TOL 2,0,,,,,
ITC:WALC_MEAD230_IMPORT_ITC,0,,,,,
ITC:WALC_NET_DYN_ETSR_IMPORT_ITC,0,,,,,
ITC:WALC_NET_EXPORT_ITC,0,,,,,
ITC:WALC_NET_IMPORT_ITC,0,,,,,
ITC:WALC_NVE_EXPORT_ITC,0,,,,,
ITC:WALC_TEP_EXPORT_ITC,0,,,,,
ITC:WALC_TEP_IMPORT_ITC,0,,,,,
ITC:WECC_Path_41,0,,,,,
ITC:WINDSTAR EXPORT TCOR,0,,,,,
ITC:WMesaET1_448 MVA,0,,,,,
ITC:WMesaWT2_448 MVA,0,,,,,
ITC:WW XFMR1 A  230KV,0,,,,,
ITC:WestMesa 2T1,0,,,,,
ITC:XFMR1    230.AIR_WASN,0,,,,,
ITC:YU XFMR2 A  69KV,0,,,,,
ITC:YU XFMR4 A  69KV,0,,,,,
NOM:115 Mendo_Winga,0,,,,,
NOM:115 WTG at PEGS,0,,,,,
NOM:115 Wingate_Cin,0,,,,,
NOM:115kv DL_Mi_Wm,0,,,,,
NOM:115kv EB Fron,0,,,,,
NOM:115kv GYTH,0,,,,,
NOM:115kv HO,0,,,,,
NOM:115kv LK,0,,,,,
NOM:115kv MEB_Ca_AL,0,,,,,
NOM:115kv ML,0,,,,,
NOM:115kv NH,0,,,,,
NOM:115kv PDA,0,,,,,
NOM:115kv SGLLine,0,,,,,
NOM:115kv SOC_BESO,0,,,,,
NOM:115kv SOC_BeBe,0,,,,,
NOM:115kv WE_So_El,0,,,,,
NOM:17600_RGD_CRO,0,,,,,
NOM:18085_PAHRUMP _138_18924_GAMEBIRD_138_BR_1 _1,0,,,,,
NOM:18999_VEAJAF  _138_18079_MERCURY _138_BR_1 _1,0,,,,,
NOM:22056_BERNARDO_69.0_22284_FELCTATP_69.0_BR_1 _1,0,,,,,
NOM:22124_CHCARITA_138_22437_NCMTAP  _138_BR_1 _1,0,,,,,
NOM:22136_CLAIRMNT_69.0_22140_CLARMTTP_69.0_BR_1 _1,0,,,,,
NOM:22192_DOUBLTTP_138_22300_FRIARS  _138_BR_1 _1,0,,,,,
NOM:22192_DOUBLTTP_138_22648_PENSQTOS_138_BR_1 _1,0,,,,,
NOM:22208_EL CAJON_69.0_22408_LOSCOCHS_69.0_BR_1 _1,0,,,,,
NOM:22306_GARFIELD_69.0_22208_EL CAJON_69.0_BR_1 _1,0,,,,,
NOM:22355_I VALLY2_230_22357_IV PFC1 _230_BR_1 _1,0,,,,,
NOM:22357_IV PFC1 _230_22358_IV PFC  _230_PS_1,0,,,,,
NOM:22360_IMPRLVLY_500_22362_IV BK82 _500_XF_82,0,,,,,
NOM:22380_KETTNER _69.0_22024_B       _69.0_BR_1 _1,0,,,,,
NOM:22400_LPULGS_69.0_22046_BASLNE_69.0_BR_1 _1,0,,,,,
NOM:22404_LILAC   _69.0_22624_PALA    _69.0_BR_1 _1,0,,,,,
NOM:22420_SILVERGT_69.0_22144_CORONADO_69.0_BR_1 _1,0,,,,,
NOM:22430_SILVERGT_230_22597_OLDTWNTP_230_BR_1 _1,0,,,,,
NOM:22440_MELROSE _69.0_22442_MELRSETP_69.0_BR_1 _1,0,,,,,
NOM:22442_MELRSETP_69.0_22724_SANMRCOS_69.0_BR_1 _1,0,,,,,
NOM:22456_MIGUEL  _69.0_22364_JAMACHA _69.0_BR_1 _1,0,,,,,
NOM:22464_MIGUEL  _230_22468_MIGUEL  _500_XF_81,0,,,,,
NOM:22468_MIGUEL  _500_22472_MIGUELMP_ 1.0_XF_80,0,,,,,
NOM:22480_MIRAMAR _69.0_22756_SCRIPPS _69.0_BR_1 _1,0,,,,,
NOM:22484_MIRAMAR1_69.0_22492_MIRAMRTP_69.0_BR_1_1,0,,,,,
NOM:22496_MISSION _69.0_22532_MURRAY  _69.0_BR_2 _1,0,,,,,
NOM:22524_MORHILTP_69.0_22440_MELROSE _69.0_BR_1 _1,0,,,,,
NOM:22532_MURRAY  _69.0_22306_GARFIELD_69.0_BR_1 _1,0,,,,,
NOM:22536_N.GILA  _500_22360_IMPRLVLY_500_BR_1 _1,0,,,,,
NOM:22556_NAVSTMTR_69.0_22824_SWTWTRTP_69.0_BR_1 _1,0,,,,,
NOM:22596_OLD TOWN_230_22504_MISSION _230_BR_1 _1,0,,,,,
NOM:22604_OTAY    _69.0_22616_OTAYLKTP_69.0_BR_1 _1,0,,,,,
NOM:22640_PENDLETN_69.0_22708_SANLUSRY_69.0_BR_1 _1,0,,,,,
NOM:22644_PENSQTOS_69.0_22492_MIRAMRTP_69.0_BR_1 _1,0,,,,,
NOM:22652_PENSQTOS_230_22596_OLD TOWN_230_BR_1 _1,0,,,,,
NOM:22668_POWAY   _69.0_22664_POMERADO_69.0_BR_1 _1,0,,,,,
NOM:22716_SANLUSRY_230_24131_S.ONOFRE_230_BR_3 _1,0,,,,,
NOM:22740_SANYSDRO_69.0_22616_OTAYLKTP_69.0_BR_1 _1,0,,,,,
NOM:22773_BAY BLVD_69.0_22352_IMPRLBCH_69.0_BR_1 _1,0,,,,,
NOM:22824_SWTWTRTP_69.0_22820_SWEETWTR_69.0_BR_1 _1,0,,,,,
NOM:22831_SYCAMORE_138_22124_CHCARITA_138_BR_1 _1,0,,,,,
NOM:22832_SYCAMORE_230_22652_PENSQTOS_230_BR_1 _1,0,,,,,
NOM:22846_SANJCP_230-22260_ESCNDO_230-BR1,0,,,,,
NOM:22884_WARNERS _69.0_22688_RINCON  _69.0_BR_1 _1,0,,,,,
NOM:22884_WARNERS _69.0_22736_SANTYSBL_69.0_BR_1 _1,0,,,,,
NOM:22886_SUNCREST_230_22885_SUNCREST_500_XF_2 _P,0,,,,,
NOM:22886_SUNCREST_230_22885_SUNCREST_500_XF_2 _S,0,,,,,
NOM:22886_SUNCREST_230_92860_SUNC TP1_230_BR_1 _1,0,,,,,
NOM:22886_SUNCREST_230_92861_SUNC TP2_230_BR_2 _1,0,,,,,
NOM:24016_BARRE   _230_24154_VILLA PK_230_BR_1 _1,0,,,,,
NOM:24024_CHINO   _66.0_24025_CHINO   _230_XF_2A,0,,,,,
NOM:24036_EAGLROCK_230_24059_GOULD   _230_BR_1 _1,0,,,,,
NOM:24065_HINSON  _230_24029_DELAMO  _230_BR_1 _1,0,,,,,
NOM:24085_LUGO    _230_24086_LUGO    _500_XF_2 _P,0,,,,,
NOM:24086_LUGO    _500_26105_VICTORVL_500_BR_1 _1,0,,,,,
NOM:24087_MAGUNDEN_230_24401_ANTELOPE_230_BR_1 _1,0,,,,,
NOM:24091_MESA CAL_230_24076_LAGUBELL_230_BR_2_1,0,,,,,
NOM:24114_PARDEE  _230_24217_WARNETAP_230_BR_1 _1,0,,,,,
NOM:24128_S.CLARA _230_24099_MOORPARK_230_BR_2 _1,0,,,,,
NOM:24138_SERRANO _500_24137_SERRANO _230_XF_1 _P,0,,,,,
NOM:24303_BIG CRK3_230_24235_RECTOR  _230_BR_1 _1,0,,,,,
NOM:24375_REDBLUFF_230_28195_REDBLUFF_500_XF_2 _P,0,,,,,
NOM:24386_MESA CAL_500_24392_MESA2I  _13.8_XF_2H,0,,,,,
NOM:24386_MESA CAL_500_24394_MESA4I  _13.8_XF_4H,0,,,,,
NOM:24402_ANTELOPE_66.0_24420_NEENACH _66.0_BR_1 _1,0,,,,,
NOM:24420_NEENACH _66.0_24452_TAP 85  _66.0_BR_1 _1,0,,,,,
NOM:24601_VICTOR  _230_24085_LUGO    _230_BR_1 _1,7,2026.0,2030.0,2016.0,10.0,"""Reconductor Lugo–Victor 230 kV No. 1, 2, 3 & 4 lines using HTLS"" (plan 2022-2023, orig ISD '28 → now '26, slipped -2 yr); ""Lugo – Eldorado series cap and terminal equipment upgrade"" (plan 2012-2013, orig ISD '16 → now '26, slipped 10 yr); ""Lugo-Mohave series capacitor upgrade"" (plan 2013-2014, orig ISD '16 → now '26, slipped 10 yr); ""Lugo – Victorville 500 kV Upgrade (SCE portion)"" (plan 2016-2017, orig ISD '18 → now '27, slipped 9 yr); ""Devers-Valley 500 kV 1 Line Upgrade"" (plan 2022-2023, orig ISD '28 → now '28, Engineering); ""Eldorado 230 kV Short Circuit Duty Mitigation Project"" (plan 2023-2024, orig ISD '29 → now '29); ""Julian Hinds-Mirage 230 kV Advanced Reconductor"" (plan 2024-2025, orig ISD '30 → now '30)"
NOM:24601_VICTOR  _230_24085_LUGO    _230_BR_2 _1,7,2026.0,2030.0,2016.0,10.0,"""Reconductor Lugo–Victor 230 kV No. 1, 2, 3 & 4 lines using HTLS"" (plan 2022-2023, orig ISD '28 → now '26, slipped -2 yr); ""Lugo – Eldorado series cap and terminal equipment upgrade"" (plan 2012-2013, orig ISD '16 → now '26, slipped 10 yr); ""Lugo-Mohave series capacitor upgrade"" (plan 2013-2014, orig ISD '16 → now '26, slipped 10 yr); ""Lugo – Victorville 500 kV Upgrade (SCE portion)"" (plan 2016-2017, orig ISD '18 → now '27, slipped 9 yr); ""Devers-Valley 500 kV 1 Line Upgrade"" (plan 2022-2023, orig ISD '28 → now '28, Engineering); ""Eldorado 230 kV Short Circuit Duty Mitigation Project"" (plan 2023-2024, orig ISD '29 → now '29); ""Julian Hinds-Mirage 230 kV Advanced Reconductor"" (plan 2024-2025, orig ISD '30 → now '30)"
NOM:24601_VICTOR  _230_24085_LUGO    _230_BR_3 _1,7,2026.0,2030.0,2016.0,10.0,"""Reconductor Lugo–Victor 230 kV No. 1, 2, 3 & 4 lines using HTLS"" (plan 2022-2023, orig ISD '28 → now '26, slipped -2 yr); ""Lugo – Eldorado series cap and terminal equipment upgrade"" (plan 2012-2013, orig ISD '16 → now '26, slipped 10 yr); ""Lugo-Mohave series capacitor upgrade"" (plan 2013-2014, orig ISD '16 → now '26, slipped 10 yr); ""Lugo – Victorville 500 kV Upgrade (SCE portion)"" (plan 2016-2017, orig ISD '18 → now '27, slipped 9 yr); ""Devers-Valley 500 kV 1 Line Upgrade"" (plan 2022-2023, orig ISD '28 → now '28, Engineering); ""Eldorado 230 kV Short Circuit Duty Mitigation Project"" (plan 2023-2024, orig ISD '29 → now '29); ""Julian Hinds-Mirage 230 kV Advanced Reconductor"" (plan 2024-2025, orig ISD '30 → now '30)"
NOM:24601_VICTOR  _230_24085_LUGO    _230_BR_4 _1,7,2026.0,2030.0,2016.0,10.0,"""Reconductor Lugo–Victor 230 kV No. 1, 2, 3 & 4 lines using HTLS"" (plan 2022-2023, orig ISD '28 → now '26, slipped -2 yr); ""Lugo – Eldorado series cap and terminal equipment upgrade"" (plan 2012-2013, orig ISD '16 → now '26, slipped 10 yr); ""Lugo-Mohave series capacitor upgrade"" (plan 2013-2014, orig ISD '16 → now '26, slipped 10 yr); ""Lugo – Victorville 500 kV Upgrade (SCE portion)"" (plan 2016-2017, orig ISD '18 → now '27, slipped 9 yr); ""Devers-Valley 500 kV 1 Line Upgrade"" (plan 2022-2023, orig ISD '28 → now '28, Engineering); ""Eldorado 230 kV Short Circuit Duty Mitigation Project"" (plan 2023-2024, orig ISD '29 → now '29); ""Julian Hinds-Mirage 230 kV Advanced Reconductor"" (plan 2024-2025, orig ISD '30 → now '30)"
NOM:24602_VICTOR  _115_24607_ROADWAY _115_BR_1 _1,0,,,,,
NOM:24602_VICTOR  _115_24702_KRAMER  _115_BR_1 _1,1,2032.0,2032.0,2033.0,-1.0,"""Loop the old segment of Kramer–Victor 115 kV into Roadway"" (plan 2022-2023, orig ISD '33 → now '32, slipped -1 yr)"
NOM:24607_ROADWAY _115_24702_KRAMER  _115_BR_1 _1,0,,,,,
NOM:24701_KRAMER  _230_24601_VICTOR  _230_BR_1 _1,1,2032.0,2032.0,2033.0,-1.0,"""Loop the old segment of Kramer–Victor 115 kV into Roadway"" (plan 2022-2023, orig ISD '33 → now '32, slipped -1 yr)"
NOM:24701_KRAMER  _230_24601_VICTOR  _230_BR_2 _1,1,2032.0,2032.0,2033.0,-1.0,"""Loop the old segment of Kramer–Victor 115 kV into Roadway"" (plan 2022-2023, orig ISD '33 → now '32, slipped -1 yr)"
NOM:24723_CONTROL _115_24865_TAP188  _115_BR_2 _1,0,,,,,
NOM:24723_CONTROL _115_24866_TAP189  _115_BR_1 _1,0,,,,,
NOM:24791_TAP710  _115_24731_INYOKERN_115_BR_2 _1,0,,,,,
NOM:24801_DEVERS  _500_24151_VALLEYSC_500_BR_2 _1,0,,,,,
NOM:24801_DEVERS  _500_24804_DEVERS  _230_XF_1 _P,0,,,,,
NOM:24801_DEVERS  _500_24804_DEVERS  _230_XF_2 _P,0,,,,,
NOM:24801_DEVERS  _500_99014_CALCAPS2_500_BR_2 _1,0,,,,,
NOM:25201_LEWIS   _230_24137_SERRANO _230_BR_1 _1,0,,,,,
NOM:25406_J.HINDS _230_99254_J.HINDS2_230_BR_1 _1,0,,,,,
NOM:25634_BUCKWND _115_25625_TAP809  _115_BR_1 _1,0,,,,,
NOM:28195_REDBLUFF_500_24375_REDBLUFF_230_XF_1_P_1,0,,,,,
NOM:28726_IVANPA  _230_28727_IVANPAH _115_XF_4A,0,,,,,
NOM:28727_IVANPAH _115_24778_MTN PASS_115_BR_1 _1,0,,,,,
NOM:29400_ANTELOPE_500_29402_WIRLWIND_500_BR_1 _1,1,2025.0,2025.0,2025.0,0.0,"""Antelope-Whirlwind Line Upgrade"" (plan 2022-2023, orig ISD '25 → now '25)"
NOM:29402_WIRLWIND_500_29408_WIRLWIND_230_XF_4 _P,0,,,,,
NOM:29408_WIRLWIND_230_29402_WIRLWIND_500_XF_1 _P,0,,,,,
NOM:29408_WIRLWIND_230_29402_WIRLWIND_500_XF_3 _P,0,,,,,
NOM:30005_ROUND MT_500_30015_TABLE MT_500_BR_2 _1,0,,,,,
NOM:30005_ROUND MT_500_30245_ROUND MT_230_XF_1 _P,0,,,,,
NOM:30015_TABLE MT_500_30030_VACA-DIX_500_BR_1 _3,0,,,,,
NOM:30015_TABLE MT_500_30068_TB MT 5M_ 1.0_XF_5,0,,,,,
NOM:30040_TESLA   _500_30050_LOSBANOS_500_BR_1 _1,0,,,,,
NOM:30050_LOSBANOS_500_30055_GATES1  _500_BR_1 _1,0,,,,,
NOM:30050_LOSBANOS_500_30055_GATES1  _500_BR_1 _3,0,,,,,
NOM:30055_GATES1  _500_30057_DIABLO  _500_BR_1 _1,0,,,,,
NOM:30055_GATES1  _500_30060_MIDWAY  _500_BR_1 _1,0,,,,,
NOM:30055_GATES1  _500_30900_GATES   _230_XF_11_P,0,,,,,
NOM:30055_GATES1  _500_30900_GATES   _230_XF_12_P,0,,,,,
NOM:30056_GATES2  _500_30060_MIDWAY  _500_BR_2 _1,0,,,,,
NOM:30060_MIDWAY  _500_24156_VINCENT _500_BR_1 _3,1,2025.0,2025.0,2025.0,0.0,"""Antelope-Whirlwind Line Upgrade"" (plan 2022-2023, orig ISD '25 → now '25)"
NOM:30060_MIDWAY  _500_24156_VINCENT _500_BR_2 _3,1,2025.0,2025.0,2025.0,0.0,"""Antelope-Whirlwind Line Upgrade"" (plan 2022-2023, orig ISD '25 → now '25)"
NOM:30060_MIDWAY  _500_29402_WIRLWIND_500_BR_1 _2,1,2025.0,2025.0,2025.0,0.0,"""Antelope-Whirlwind Line Upgrade"" (plan 2022-2023, orig ISD '25 → now '25)"
NOM:30105_COTTNWD _230_30245_ROUND MT_230_BR_2 _1,0,,,,,
NOM:30105_COTTNWD _230_30245_ROUND MT_230_BR_3 _1,0,,,,,
NOM:30209_PIT5 JT2_230_30225_PIT4 JT _230_BR_2 _1,0,,,,,
NOM:30261_BELDENTP_230_30300_TABLMTN _230_BR_1 _1,0,,,,,
NOM:30275_CRESTA  _230_30330_RIO OSO _230_BR_1 _1,0,,,,,
NOM:30300_TABLMTN _230_30330_RIO OSO _230_BR_1 _1,0,,,,,
NOM:30330_RIO OSO _230_30348_BRIGHTON_230_BR_1 _1,0,,,,,
NOM:30348_BRIGHTON_230_30500_BELLOTA _230_BR_1 _1,0,,,,,
NOM:30440_TULUCAY _230_30460_VACA-DIX_230_BR_1 _1,0,,,,,
NOM:30460_VACA-DIX_230_30472_PEABODY _230_BR_1 _1,0,,,,,
NOM:30460_VACA-DIX_230_30478_LAMBIE  _230_BR_1 _1,0,,,,,
NOM:30472_PEABODY _230_30529_BRDSLDNG_230_BR_1 _1,0,,,,,
NOM:30495_STAGG   _230_30624_TESLA E _230_BR_1 _1,0,,,,,
NOM:30500_BELLOTA _230_30501_BLLTA 1M_ 1.0_XF_1,0,,,,,
NOM:30500_BELLOTA _230_30515_WARNERVL_230_BR_1 _1,0,,,,,
NOM:30515_WARNERVL_230_30800_WILSON  _230_BR_1 _1,0,,,,,
NOM:30529_BRDSLDNG_230_30478_LAMBIE  _230_BR_1 _1,0,,,,,
NOM:30529_BRDSLDNG_230_30523_CC SUB  _230_BR_1 _1,0,,,,,
NOM:30575_WND MSTR_230_38610_DELTAPMP_230_BR_1 _1,0,,,,,
NOM:30580_ALTM MDW_230_30625_TESLA D _230_BR_1 _1,0,,,,,
NOM:30585_LS PSTAS_230_30630_NEWARK  _230_BR_1 _1,0,,,,,
NOM:30622_EIGHT MI_230_30495_STAGG   _230_BR_1 _1,0,,,,,
NOM:30635_NWK DIST_230_30731_LS ESTRS_230_BR_1 _1,0,,,,,
NOM:30640_TESLA C _230_30040_TESLA   _500_XF_6H,0,,,,,
NOM:30705_MONTAVIS_230_30730_HICKS   _230_BR_2 _1,0,,,,,
NOM:30735_METCALF _230_30042_METCALF _500_XF_12,0,,,,,
NOM:30750_MOSSLD  _230_30797_LASAGUIL_230_BR_1 _1,0,,,,,
NOM:30765_LOSBANOS_230_30766_PADR FLT_230_BR_1 _1,0,,,,,
NOM:30765_LOSBANOS_230_30790_PANOCHE _230_BR_2 _1,0,,,,,
NOM:30790_PANOCHE _230_30900_GATES   _230_BR_1 _1,0,,,,,
NOM:30790_PANOCHE _230_30900_GATES   _230_BR_2 _1,0,,,,,
NOM:30805_BORDEN  _230_30810_GREGG   _230_BR_2 _1,0,,,,,
NOM:30875_MC CALL _230_34370_MC CALL _115_XF_1 _P,0,,,,,
NOM:30879_HENTAP1 _230_30885_MUSTANGS_230_BR_1 _1,0,,,,,
NOM:30881_HENRIETA_230_34430_HENRETTA_115_XF_3,0,,,,,
NOM:30885_MUSTANGS_230_30900_GATES   _230_BR_1 _1,0,,,,,
NOM:30885_MUSTANGS_230_30900_GATES   _230_BR_2 _1,0,,,,,
NOM:30900_GATES   _230_30889_CAFLTSSS_230_BR_1 _1,0,,,,,
NOM:30900_GATES   _230_30970_MIDWAY  _230_BR_1 _1,0,,,,,
NOM:30905_TEMPLETN_230_30915_MORROBAY_230_BR_1 _1,0,,,,,
NOM:30915_MORROBAY_230_30916_SOLARSS _230_BR_1 _1,0,,,,,
NOM:30915_MORROBAY_230_30916_SOLARSS _230_BR_2 _1,0,,,,,
NOM:30915_MORROBAY_230_30930_MESA PGE_230_BR_1 _1,0,,,,,
NOM:30975_MDWAYR11_230_30060_MIDWAY  _500_XF_11_P,0,,,,,
NOM:31215_LUCERNJ1_115_31200_MENDOCNO_115_BR_1 _1,0,,,,,
NOM:31224_INDIN VL_115_31215_LUCERNJ1_115_BR_1 _1,0,,,,,
NOM:31224_INDIN VL_115_31950_CORTINA _115_BR_1 _1,0,,,,,
NOM:31227_HGHLNDJ2_115_31950_CORTINA _115_BR_1 _1,0,,,,,
NOM:31334_CLER LKE_60.0_31338_KONOCTI6_60.0_BR_1 _1,0,,,,,
NOM:31336_HPLND JT_60.0_31206_HPLND JT_115_XF_2,0,,,,,
NOM:31336_HPLND JT_60.0_31370_CLVRDLJT_60.0_BR_1 _1,0,,,,,
NOM:31338_KONOCTI6_60.0_31344_EGLE RCK_60.0_BR_1 _1,0,,,,,
NOM:31374_GYSRJCT1_60.0_31382_FTCHMTNP_60.0_BR_1 _1,0,,,,,
NOM:31486_CARIBOU _115_30255_CARBOU M_ 1.0_XF_11,0,,,,,
NOM:31574_ANDERSON_60.0_31604_COTTONWD_60.0_BR_1 _1,0,,,,,
NOM:31576_WNTU PMS_60.0_31570_BENTON  _60.0_BR_1 _1,0,,,,,
NOM:31640_TRES VIS_60.0_31718_TBLE MTN_60.0_BR_1 _1,0,,,,,
NOM:31656_PALERMO _60.0_31658_BANGOR  _60.0_BR_1 _1,0,,,,,
NOM:31658_BANGOR  _60.0_32308_COLGATE _60.0_BR_1 _1,0,,,,,
NOM:31962_WDLND_BM_115_31970_WOODLD  _115_BR_1 _1,0,,,,,
NOM:31990_DAVIS   _115_31962_WDLND_BM_115_BR_1 _1,0,,,,,
NOM:32056_CORTINA _60.0_30451_CRTNA  M_ 1.0_XF_1,0,,,,,
NOM:32214_RIO OSO _115_32225_BRNSWKT1_115_BR_1 _1,0,,,,,
NOM:32214_RIO OSO _115_32244_BRNSWKT2_115_BR_2 _1,0,,,,,
NOM:32218_DRUM    _115_32220_DTCH FL1_115_BR_1 _1,0,,,,,
NOM:32218_DRUM    _115_32222_DTCH2TAP_115_BR_1 _1,0,,,,,
NOM:32218_DRUM    _115_32244_BRNSWKT2_115_BR_2 _1,0,,,,,
NOM:32218_DRUM    _115_32244_BRNSWKT2_115_BR_2A _1,0,,,,,
NOM:32220_DTCH FL1_115_32224_CHCGO PK_115_BR_1 _1,0,,,,,
NOM:32224_CHCGO PK_115_32232_HIGGINS _115_BR_1 _1,0,,,,,
NOM:32225_BRNSWKT1_115_32222_DTCH2TAP_115_BR_1 _1,0,,,,,
NOM:32225_BRNSWKT1_115_32222_DTCH2TAP_115_BR_1A_1,0,,,,,
NOM:32290_OLIVH J1_115_32214_RIO OSO _115_BR_1 _1,0,,,,,
NOM:32308_COLGATE _60.0_32311_NRRWS1TP_60.0_BR_1 _1,0,,,,,
NOM:32308_COLGATE _60.0_32313_NRRWS2TP_60.0_BR_2 _1,0,,,,,
NOM:32314_SMRTSVLE_60.0_32316_YUBAGOLD_60.0_BR_1 _1,0,,,,,
NOM:32314_SMRTSVLE_60.0_32345_BEALE1J2_60.0_BR_2 _1,0,,,,,
NOM:32341_BEALE1J1_60.0_32353_WHTLND1 _60.0_BR_1 _1,0,,,,,
NOM:32342_E.NICOLS_60.0_32353_WHTLND1 _60.0_BR_1 _1,0,,,,,
NOM:32345_BEALE1J2_60.0_32351_WHTLND2 _60.0_BR_2 _1,0,,,,,
NOM:32374_DRUM    _60.0_32376_BONNIE N_60.0_BR_1 _1,0,,,,,
NOM:32376_BONNIE N_60.0_32367_CPEHRNTP_60.0_BR_1 _1,0,,,,,
NOM:32780_CLARMNT _115_32782_STATIN D_115_BR_1 _1,0,,,,,
NOM:32782_STATIN D_115_32788_STATIN L_115_BR_1 _1,0,,,,,
NOM:32950_PITSBURG_115_30527_PITSBRG _230_XF_13,0,,,,,
NOM:32950_PITSBURG_115_33031_COLSTJT _115_BR_1 _1,0,,,,,
NOM:32973_LAKEWOOD_115_99108_LAK-MOR1_115_BR_1 _1,0,,,,,
NOM:32990_MARTINEZ_115_33014_ALHAMTP1_115_BR_1 _1,0,,,,,
NOM:33006_GRIZLYJ1_115_33010_SOBRANTE_115_BR_1 _1,0,,,,,
NOM:33008_GRIZLYJ2_115_33010_SOBRANTE_115_BR_2 _1,0,,,,,
NOM:33016_ALHAMTP2_115_32754_OLEUM   _115_BR_1 _1,0,,,,,
NOM:33020_MORAGA  _115_32780_CLARMNT _115_BR_1 _1,0,,,,,
NOM:33020_MORAGA  _115_32780_CLARMNT _115_BR_2 _1,0,,,,,
NOM:33020_MORAGA  _115_32790_STATIN X_115_BR_1 _1,0,,,,,
NOM:33020_MORAGA  _115_32790_STATIN X_115_BR_2 _1,0,,,,,
NOM:33020_MORAGA  _115_32790_STATIN X_115_BR_3 _1,0,,,,,
NOM:33020_MORAGA  _115_32792_STATIN J_115_BR_1 _1,0,,,,,
NOM:33020_MORAGA  _115_35101_SN LNDRO_115_BR_1 _1,0,,,,,
NOM:33020_MORAGA  _115_35101_SN LNDRO_115_BR_2 _1,0,,,,,
NOM:33031_COLSTJT _115_33033_KIRKTAP1_115_BR_1 _1,0,,,,,
NOM:33500_MELNS JA_115_33509_AVENATP1_115_BR_1 _1,0,,,,,
NOM:33501_FRGTNTP1_115_33500_MELNS JA_115_BR_1 _1,0,,,,,
NOM:33503_FRGTNTP2_115_33936_MELNS JB_115_BR_1 _1,0,,,,,
NOM:33506_STANISLS_115_33948_RVRBK J2_115_BR_1 _1,0,,,,,
NOM:33509_AVENATP1_115_33514_MANTECA _115_BR_1 _1,0,,,,,
NOM:33511_AVENATP2_115_33514_MANTECA _115_BR_1 _1,0,,,,,
NOM:33530_KASSONJ2_115_33548_TRACY   _115_BR_1 _1,0,,,,,
NOM:33530_KASSONJ2_115_33548_TRACY_115_BR_1_2,0,,,,,
NOM:33540_TESLA   _115_37650_TESLA TP_115_BR_1 _1,0,,,,,
NOM:33541_AEC_TP1 _115_33540_TESLA   _115_BR_1 _1,0,,,,,
NOM:33543_AEC_TP2 _115_33540_TESLA   _115_BR_1 _1,0,,,,,
NOM:33546_TRACY JC_115_33552_STCKTNJB_115_BR_1 _1,0,,,,,
NOM:33552_STCKTNJB_115_33590_KYOHOTAP_115_BR_1 _1,0,,,,,
NOM:33558_LCKFRDJB_115_33562_BELLOTA _115_BR_2 _1,0,,,,,
NOM:33590_KYOHOTAP_115_33558_LCKFRDJB_115_BR_1 _1,0,,,,,
NOM:33750_CALVO   _60.0_33756_KASSON  _60.0_BR_1 _1,0,,,,,
NOM:33914_MI-WUK  _115_33917_FBERBORD_115_BR_1 _1,0,,,,,
NOM:33916_CURTISS _115_33917_FBERBORD_115_BR_1 _1,0,,,,,
NOM:33920_RCTRK J._115_33922_R.TRACK _115_BR_1 _1,0,,,,,
NOM:33930_PEORIA  _115_33932_MELONES _115_BR_1 _1,0,,,,,
NOM:33932_MELONES _115_33500_MELNS JA_115_BR_1 _1,0,,,,,
NOM:33932_MELONES _115_33922_R.TRACK _115_BR_1 _1,0,,,,,
NOM:33932_MELONES _115_33934_TULLOCH _115_BR_1 _1,0,,,,,
NOM:33932_MELONES _115_33936_MELNS JB_115_BR_1 _1,0,,,,,
NOM:33936_MELNS JB_115_33951_VLYHMTP1_115_BR_1 _1,0,,,,,
NOM:33950_RVRBK TP_115_33934_TULLOCH _115_BR_1 _1,0,,,,,
NOM:33951_VLYHMTP1_115_33516_RIPON J _115_BR_1 _1,0,,,,,
NOM:33953_VLYHMTP2_115_33511_AVENATP2_115_BR_1 _1,0,,,,,
NOM:33962_SALDO TP_115_33961_TCHRT_T1_115_BR_1 _1,0,,,,,
NOM:34002_SALADO  _60.0_34008_STNSLSRP_60.0_BR_1 _1,0,,,,,
NOM:34009_CRWCRKSS_60.0_34016_CRWS LDS_60.0_BR_1 _1,0,,,,,
NOM:34100_CHWCHLLA_115_34101_CERTANJ2_115_BR_1 _1,0,,,,,
NOM:34101_CERTANJ2_115_34116_LE GRAND_115_BR_1 _1,0,,,,,
NOM:34112_EXCHEQUR_115_34116_LE GRAND_115_BR_1 _1,0,,,,,
NOM:34115_ADRA TAP_115_34154_DAIRYLND_115_BR_1 _1,0,,,,,
NOM:34116_LE GRAND_115_34115_ADRA TAP_115_BR_1 _1,0,,,,,
NOM:34118_LE GRNDJ_115_34168_EL NIDO _115_BR_1 _1,0,,,,,
NOM:34121_SHARON T_115_34128_OAKH_JCT_115_BR_1 _1,0,,,,,
NOM:34134_WILSONAB_115_34144_MERCED  _115_BR_1 _1,0,,,,,
NOM:34149_CHENYT  _115_34158_PANOCHE _115_BR_1 _1,0,,,,,
NOM:34149_CHENYT  _115_39778_Q678SS  _115_BR_2 _1,0,,,,,
NOM:34157_PANOCHET_115_34156_MENDOTA _115_BR_1 _1,0,,,,,
NOM:34158_PANOCHE _115_34350_KAMM    _115_BR_1 _1,0,,,,,
NOM:34162_ORO LOMA_115_34168_EL NIDO _115_BR_1 _1,0,,,,,
NOM:34214_LOS BANS_70.0_30765_LOSBANOS_230_XF_3,0,,,,,
NOM:34321_MCSWAINJ_70.0_34232_EXCHEQUR_70.0_BR_1 _1,0,,,,,
NOM:34366_SANGER  _115_34370_MC CALL _115_BR_3 _1,0,,,,,
NOM:34375_ULTPWRJ _115_34377_AIRPROD _115_BR_1 _1,0,,,,,
NOM:34402_CAL AVE _115_34366_SANGER  _115_BR_2 _1,0,,,,,
NOM:34418_KINGSBRG_115_34405_FRWT TAP_115_BR_1 _1,0,,,,,
NOM:34418_KINGSBRG_115_34419_WAUKENA _115_BR_1 _1,0,,,,,
NOM:34418_KINGSBRG_115_34428_CONTADNA_115_BR_1 _1,0,,,,,
NOM:34429_GWF_HEP _115_34428_CONTADNA_115_BR_1 _1,0,,,,,
NOM:34430_HENRETTA_115_34519_LPNJCTSS_115_BR_1 _1,0,,,,,
NOM:34471_SNJQJCT _70.0_34469_GFFNJCT _70.0_BR_1 _1,0,,,,,
NOM:34474_HELM    _70.0_34556_STRD JCT_70.0_BR_1 _1,0,,,,,
NOM:34519_LPNJCTSS_115_34429_GWF_HEP _115_BR_1 _1,0,,,,,
NOM:34540_HENRITTA_70.0_30881_HENRIETA_230_XF_4,0,,,,,
NOM:34548_KETTLEMN_70.0_34552_GATES   _70.0_BR_1 _1,0,,,,,
NOM:34556_STRD JCT_70.0_34562_SCHLNDLR_70.0_BR_1 _1,0,,,,,
NOM:34562_SCHLNDLR_70.0_34354_SCHINDLR_115_XF_1,0,,,,,
NOM:345kV BA-DMND1,0,,,,,
NOM:345kV CLCR-DMND1,0,,,,,
NOM:345kV CLCR-DMND2,0,,,,,
NOM:345kV CLCR_WESP1,0,,,,,
NOM:345kv BA-DMND2,0,,,,,
NOM:34610_HAAS    _13.8_30855_HAAS    _230_XF_1,0,,,,,
NOM:34706_WESTPARK_115_34752_KERN PWR_115_BR_1 _1,0,,,,,
NOM:34716_LRDO JCT_115_34718_KERN OIL_115_BR_1 _1,0,,,,,
NOM:34720_DSCVRYTP_115_34744_OILDALE _115_BR_1 _1,0,,,,,
NOM:34724_KRN OL J_115_34736_MAGUNDEN_115_BR_1 _1,0,,,,,
NOM:34724_KRN OL J_115_34797_KERNWTP2_115_BR_1 _1,0,,,,,
NOM:34752_KERN PWR_115_34797_KERNWTP2_115_BR_1 _1,0,,,,,
NOM:34774_MIDWAY  _115_34225_BELRDG J_115_BR_1 _1,0,,,,,
NOM:34860_TAFT    _70.0_34943_Q356TAP _70.0_BR_1 _1,0,,,,,
NOM:34880_SN BRNRD_70.0_39021_SC21ATP _70.0_BR_1 _1,0,,,,,
NOM:34882_SAN EMDO_70.0_34904_OLD RIVR_70.0_BR_1 _1,0,,,,,
NOM:34886_MAGNDN J_70.0_34890_WEEDPTCH_70.0_BR_1 _1,0,,,,,
NOM:34888_ARVIN   _70.0_34890_WEEDPTCH_70.0_BR_1 _1,0,,,,,
NOM:34898_BAKRSFLD_70.0_34902_MAGUNDEN_70.0_BR_1 _1,0,,,,,
NOM:34898_BAKRSFLD_70.0_34912_FRUTVLTP_70.0_BR_1 _1,0,,,,,
NOM:34912_FRUTVLTP_70.0_34918_KERN PW _70.0_BR_1 _1,0,,,,,
NOM:34918_KERN PW _70.0_34922_KRN OL J_70.0_BR_1 _1,0,,,,,
NOM:34926_FAMOSO  _70.0_34930_MC FRLND_70.0_BR_1 _1,0,,,,,
NOM:34930_MC FRLND_70.0_34932_WASCO   _70.0_BR_1 _1,0,,,,,
NOM:34934_SEMITRPC_70.0_34704_SEMITRPC_115_XF_1,0,,,,,
NOM:35107_DUMBARTN_115_35120_NEWARK D_115_BR_1 _1,0,,,,,
NOM:35120_NEWARK D_115_36851_NORTHERN_115_BR_1 _1,0,,,,,
NOM:35122_NWARK EF_115_35602_ZNKER J2_115_BR_1 _1,0,,,,,
NOM:35122_NWARK EF_115_36851_NORTHERN_115_BR_2 _1,0,,,,,
NOM:35202_USWP-WKR_60.0_33777_SBTAP   _60.0_BR_1 _1,0,,,,,
NOM:35352_WHISMAN _115_35356_MNTA VSA_115_BR_1 _1,0,,,,,
NOM:35353_MT VIEW _115_35356_MNTA VSA_115_BR_1 _1,0,,,,,
NOM:35356_MNTA VSA_115_30705_MONTAVIS_230_XF_4,0,,,,,
NOM:35602_ZNKER J2_115_36850_KIFER   _115_BR_1 _1,0,,,,,
NOM:35618_SN JSE A_115_35616_SNJOSEB _115_BR_1 _1,0,,,,,
NOM:35618_SN JSE A_115_35620_EL PATIO_115_BR_1 _1,0,,,,,
NOM:35642_METCALF _115_30735_METCALF _230_XF_2,0,,,,,
NOM:35642_METCALF _115_30735_METCALF _230_XF_3,0,,,,,
NOM:35642_METCALF _115_35651_BAILY J3_115_BR_2 _1,0,,,,,
NOM:35648_LLAGAS  _115_35650_GILROY F_115_BR_1 _1,0,,,,,
NOM:35658_LS ESTRS_115_35659_NORTECH _115_BR_1 _1,0,,,,,
NOM:35922_MOSSLD  _115_30750_MOSSLD  _230_XF_1,0,,,,,
NOM:36075_COBURN  _60.0_30760_COBURN  _230_XF_1,0,,,,,
NOM:36256_MESA_PGE_115_36267_SNTAMRTP_115_BR_1 _1,0,,,,,
NOM:36850_KIFER   _115_35615_FMC     _115_BR_1 _1,0,,,,,
NOM:36851_NORTHERN_115_36852_SCOTT   _115_BR_2 _1,0,,,,,
NOM:37563_MELONES _230_30800_WILSON  _230_BR_1 _1,0,,,,,
NOM:37650_TESLA TP_115_33574_LLNL    _115_BR_1 _1,0,,,,,
NOM:38605_BUENAVJ2_230_30970_MIDWAY  _230_BR_1 _1,0,,,,,
NOM:38610_DELTAPMP_230_30580_ALTM MDW_230_BR_1 _1,0,,,,,
NOM:38615_DS AMIGO_230_30790_PANOCHE _230_BR_1 _1,0,,,,,
NOM:39021_SC21ATP _70.0_34888_ARVIN   _70.0_BR_1 _1,0,,,,,
NOM:39536_FINKSS_230_38402_WSTLYTID_230_BR_1_1,0,,,,,
NOM:6110_COI_N-S,0,,,,,
NOM:6110_COI_S-N,0,,,,,
NOM:6410_CP10_NG,0,,,,,
NOM:6410_CP11_NG,0,,,,,
NOM:6410_CP1_NG,0,,,,,
NOM:6410_CP6_NG,0,,,,,
NOM:6410_CP7_NG,0,,,,,
NOM:64229_SUMMIT 2_115_32218_DRUM    _115_BR_2_1,0,,,,,
NOM:7320_CP6_NG,0,,,,,
NOM:7410_CP24_NG,0,,,,,
NOM:7410_CP26_NG,0,,,,,
NOM:7430_CP6_NG,0,,,,,
NOM:7430_KTTLM_GATES_70_1,0,,,,,
NOM:7430_MEL_WIL_NG,0,,,,,
NOM:7430_MEN_SNJQJ_HELM_70,0,,,,,
NOM:7440_MetcalfImport_Mossld-Metclf,0,,,,,
NOM:7450_CUYAMS_TAFT_70_1,0,,,,,
NOM:7510-PAR-PAS-OOS_NG,0,,,,,
NOM:7510-PAR-PAS-WAR-OOS_NG,0,,,,,
NOM:7510-PAS-BAI-PAR-OOS_NG,0,,,,,
NOM:7690-CONTRL-INYOKN_EXP_NG,0,,,,,
NOM:7690-CONTRL-INYOKN_IMP_NG,0,,,,,
NOM:7690-COOLWATER_KRAMER_IM_NG,0,,,,,
NOM:7690-COOLWATER_KRAMER_IM_NG_RT,0,,,,,
NOM:7690-INYOKN_VOLTAGE_EX_NG,0,,,,,
NOM:7690_CP5_NG,0,,,,,
NOM:7760_DEV_RDB_ALIS,0,,,,,
NOM:7760_ELD_LUG_OOS,0,,,,,
NOM:7820_PK_EC_OVERLOAD_NG,0,,,,,
NOM:7820_TL 230S_IV-SX-OUT_NG,0,,,,,
NOM:7820_TL 230S_OVERLOAD_NG,0,,,,,
NOM:7820_TL 230S_TL50001OUT_NG,0,,,,,
NOM:7820_TL23040_IV_SPS_NG,0,,,,,
NOM:7820_TL649A_OVERLOAD_NG,0,,,,,
NOM:92320_SYCA TP1_230_22832_SYCAMORE_230_BR_1 _1,0,,,,,
NOM:92321_SYCA TP2_230_22832_SYCAMORE_230_BR_2 _1,0,,,,,
NOM:92861_SUNC TP2_230_92321_SYCA TP2_230_BR_2 _1,0,,,,,
NOM:99002_MOE-ELD _500_24042_ELDORDO _500_BR_1 _2,0,,,,,
NOM:99013_CAL CAPS_500_24801_DEVERS  _500_BR_1 _1,0,,,,,
NOM:99100_PIT-ESH1_230_30560_E. SHORE_230_BR_1 _2,0,,,,,
NOM:99102_PIT-TES1_230_30567_TES JCT _230_BR_1 _2,0,,,,,
NOM:99108_LAK-MOR1_115_33020_MORAGA  _115_BR_1 _4,0,,,,,
NOM:99254_J.HINDS2_230_24806_MIRAGE  _230_BR_1 _1,1,2030.0,2030.0,2030.0,0.0,"""Julian Hinds-Mirage 230 kV Advanced Reconductor"" (plan 2024-2025, orig ISD '30 → now '30)"
NOM:COI_600 N-S,0,,,,,
NOM:COI_600 S-N,0,,,,,
NOM:CONTRL-PSPS_EXP_NG,0,,,,,
NOM:Eldorado_Fire_P15,0,,,,,
NOM:HUMBOLDT_IMP_NG,0,,,,,
NOM:Lugo AA bank outage  Area EXP,0,,,,,
NOM:Lugo AA bank outage  Area IMP,0,,,,,
NOM:MAXBURN_ALISO_SDGE,0,,,,,
NOM:MIGUEL_BKs_MXFLW_NG,0,,,,,
NOM:OMS 50004 IV-ML OUTAGE_NG,0,,,,,
NOM:OMS IV-ML OUTAGE_NG,0,,,,,
NOM:OMS IV-SX OUTAGE_NG,0,,,,,
NOM:OMS_13913705_Pardee-Pastoria_NG,0,,,,,
NOM:OMS_16792185_TL23030_NG,0,,,,,
NOM:OMS_16800765_INYOKERN_NG_EX,0,,,,,
NOM:OMS_16903115_23001_23004_NG,0,,,,,
NOM:OMS_16905094_Devers230Bus_NG,0,,,,,
NOM:OMS_16905130_Devers230Bus_NG,0,,,,,
NOM:OMS_16905195_Devers230Bus_NG,0,,,,,
NOM:OMS_17086466_TL23030_NG,0,,,,,
NOM:OMS_17200828_23055OUT_NG,0,,,,,
NOM:OMS_17256009_TL50005_NG,0,,,,,
NOM:OMS_17327759_CTL_EXP_NG,0,,,,,
NOM:OMS_17337774_ML_BK81_NG,0,,,,,
NOM:OMS_17417611_ML_BK80_OOS,0,,,,,
NOM:OMS_17556659_Devers230Bus_NG,0,,,,,
NOM:OMS_17677775_Devers230Bus_NG,0,,,,,
NOM:OMS_17964727_COLRIV_2AA,0,,,,,
NOM:OMS_18316810_SANLUS_1WCB_Exp2,0,,,,,
NOM:OMS_18316810_SANLUS_1WCB_SD_Exp,0,,,,,
NOM:OMS_18632495_Pastoria_CB542_NG,0,,,,,
NOM:OMS_18670858_TL23030_NG,0,,,,,
NOM:OMS_18671853_Devers230Bus_NG,0,,,,,
NOM:OMS_19123825_Magunden-Vestal,0,,,,,
NOM:OMS_19123836_Magunden-Vestal,0,,,,,
NOM:OMS__Devers230Bus_NG,0,,,,,
NOM:PATH_19_JBW_NOMO_NPM,0,,,,,
NOM:SYLMAR-AC_BG_NG,0,,,,,
NOM:TL50001+TL50003_OOS_SLINE_EXP,0,,,,,
NOM:TL50001+TL50003_OOS_SLINE_IMP,0,,,,,
NOM:TL687_BREGGO_NAROWS,0,,,,,
NOM:VC_TL_681B_export_NG,0,,,,,
NOM:VC_TL_681B_import_NG,0,,,,,
NOM:VC_TL_6926_import_NG,0,,,,,
